{
  "keyword_index": 34,
  "seen": [
    "https://beautyblogwales.com/2025/07/15/perricone-md-triple-retinol-renewal-review/",
    "https://www.gemmaetc.com/2025/06/low-maintenance-medium-length-haicuts.html",
    "https://www.beauty4free2u.com/2025/10/5-frumpy-outfits-i-used-to-wear-part-4.html",
    "https://canadianbeauty.com/jo-malone-wood-sage-and-sea-salt-cologne-review/",
    "https://beautyconspirator.com/2025/09/12/step-into-confidence-find-your-perfect-pair-at-rosatina/",
    "https://irenebeautyandmore.com/the-best-lip-balm/?utm_source=rss&utm_medium=rss&utm_campaign=the-best-lip-balm",
    "https://ww.fashionnetwork.com/news/Stephane-rolland-to-showcase-at-barcelona-bridal-night-as-international-guest-label,1775415.html",
    "http://shirleyswardrobe.com/2025/06/shirleysfavesandfinds-36/",
    "https://www.moonsugarbeauty.com/2025/09/halloween-makeup-ideas-no-costume.html",
    "https://www.barbiesbeautybits.com/2025/10/is-eye-cream-really-necessary-heres-how.html",
    "https://www.thebudgetfashionista.com/archive/celebrity-fashion-report/",
    "https://www.crazynailzz.com/2025/07/why-washington-commanders-are.html",
    "https://reallyree.com/shiseido-synchro-skin-radiant-lifting-concealer/"
  ],
  "last_rss": 33,
  "last_keyword": 34,
  "brandimg_index": 14,
  "brandimg_used": [
    "1200x270-2.webp",
    "1200x270.webp",
    "1900-500.webp",
    "2048x1152.webp",
    "2048x512.webp",
    "2208x368.webp",
    "300x60.webp",
    "3citrus.webp",
    "Lst-1.webp",
    "Lst-2.webp",
    "Lst-3.webp",
    "Lst-4.webp",
    "Lst-5.webp",
    "Trada-3000x750.webp"
  ]
}